institution,product_type,gl_code,gl_desc,currency,account_number,account_name,customer_number,customer_name,phone_number,customer_type,balance_direction,whether_to_pay_interest,whether_to_allow_overdraft,balance_update_type,account_status,opponent_account,account_opening_date,date_of_expiry,value_date,account_balance,write_off_suspense,term_of_suspense,write_off_mode,national_id,business_license
8888-DK,1001-DK Individual Savings Account,20110101,DK Individual Savings Account ,BTN,100100036618,liu,1000003460,liu,63551792,Individual,credit.C,interest,notAllowed,,Active,,04/01/2022,,04/01/2022,"1,000.65",,,,550792255,
8888-DK,1001-DK Individual Savings Account,20110101,DK Individual Savings Account ,BTN,100100036883,Zam Zangmo2,1000003490,Zam Zangmo2,17004849,Individual,credit.C,interest,notAllowed,,New,,08/01/2022,,08/01/2022,0.00,,,,11580058490,
8888-DK,1001-DK Individual Savings Account,20110101,DK Individual Savings Account ,BTN,100100036487,liu,1000003448,liu,63261095,Individual,credit.C,interest,notAllowed,,Active,,03/01/2022,,03/01/2022,1.00,,,,111436209,
8888-DK,1001-DK Individual Savings Account,20110101,DK Individual Savings Account ,BTN,100100036693,liu,1000003469,liu,63126254,Individual,credit.C,interest,notAllowed,,New,,06/01/2022,,06/01/2022,0.00,,,,12794700048,
8888-DK,1001-DK Individual Savings Account,20110101,DK Individual Savings Account ,BTN,100100036626,Degio115,1000003461,Degio115,17501822,Individual,credit.C,interest,notAllowed,,Active,,05/01/2022,,05/01/2022,"9,962,105.11",,,,12100907864,
8888-DK,1001-DK Individual Savings Account,20110101,DK Individual Savings Account ,BTN,100100038050,Phub Zangmop1,1000003604,Phub Zangmop1,17773522,Individual,credit.C,interest,notAllowed,,Active,,09/01/2022,,09/01/2022,"10,000.00",,,,10200000105,
8888-DK,1001-DK Individual Savings Account,20110101,DK Individual Savings Account ,BTN,100100038084,Dhondu Pem12,1000003607,Dhondu Pem12,17341447,Individual,credit.C,interest,notAllowed,,Active,,09/01/2022,,09/01/2022,"1,000,153.00",,,,14098901033,
8888-DK,1001-DK Individual Savings Account,20110101,DK Individual Savings Account ,BTN,100100036495,liu,1000003449,liu,63187707,Individual,credit.C,interest,notAllowed,,Active,,03/01/2022,,03/01/2022,1.00,,,,613023923,
8888-DK,1001-DK Individual Savings Account,20110101,DK Individual Savings Account ,BTN,100100036709,liu,1000003470,liu,63774185,Individual,credit.C,interest,notAllowed,,Active,,06/01/2022,,06/01/2022,"9,203.69",,,,13023887497,
8888-DK,1001-DK Individual Savings Account,20110101,DK Individual Savings Account ,BTN,100100036634,liu,1000003462,liu,63576177,Individual,credit.C,interest,notAllowed,,Active,,05/01/2022,,05/01/2022,405.91,,,,651392895,
8888-DK,1001-DK Individual Savings Account,20110101,DK Individual Savings Account ,BTN,100100038076,Peeka Tashi6,1000003606,Peeka Tashi6,17341436,Individual,credit.C,interest,notAllowed,,Active,,09/01/2022,,09/01/2022,"1,000,142.00",,,,14098901022,
8888-DK,1001-DK Individual Savings Account,20110101,DK Individual Savings Account ,BTN,100100038108,Dema Lhamo3,1000003609,Dema Lhamo3,77183621,Individual,credit.C,interest,notAllowed,,New,,09/01/2022,,09/01/2022,0.00,,,,11380058440,
8888-DK,1001-DK Individual Savings Account,20110101,DK Individual Savings Account ,BTN,100100036717,liu,1000003471,liu,63301524,Individual,credit.C,interest,notAllowed,,Active,,06/01/2022,,06/01/2022,"58,620.41",,,,11788017794,
8888-DK,1001-DK Individual Savings Account,20110101,DK Individual Savings Account ,BTN,100100036500,liu,1000003450,liu,63237618,Individual,credit.C,interest,notAllowed,,Active,,03/01/2022,,03/01/2022,1.00,,,,691609647,
8888-DK,1001-DK Individual Savings Account,20110101,DK Individual Savings Account ,BTN,100100038116,Zam Zangmo1,1000003610,Zam Zangmo1,77347291,Individual,credit.C,interest,notAllowed,,New,,09/01/2022,,09/01/2022,0.00,,,,11480058500,
8888-DK,1001-DK Individual Savings Account,20110101,DK Individual Savings Account ,BTN,100100036519,wanger,1000003451,dawangba,72164913,Individual,credit.C,interest,notAllowed,,Active,,04/01/2022,,04/01/2022,11.87,,,,71674030116,
8888-DK,1001-DK Individual Savings Account,20110101,DK Individual Savings Account ,BTN,100100036725,liu,1000003472,liu,63323715,Individual,credit.C,interest,notAllowed,,Active,,07/01/2022,,07/01/2022,"9,202.46",,,,12017568057,
8888-DK,1001-DK Individual Savings Account,20110101,DK Individual Savings Account ,BTN,100100036741,liu,1000003476,liu,63989897,Individual,credit.C,interest,notAllowed,,Active,,07/01/2022,,07/01/2022,"7,902.12",,,,13170849243,
8888-DK,1001-DK Individual Savings Account,20110101,DK Individual Savings Account ,BTN,100100038183,Genpo Drup1,1000003617,Genpo Drup1,17333388,Individual,credit.C,interest,notAllowed,,New,,09/01/2022,,09/01/2022,0.00,,,,11680058489,
8888-DK,1001-DK Individual Savings Account,20110101,DK Individual Savings Account ,BTN,100100038124,Dema229,1000003611,Dema229,17423143,Individual,credit.C,interest,notAllowed,,Active,,09/01/2022,,09/01/2022,"1,000,373.00",,,,10867524143,
8888-DK,1001-DK Individual Savings Account,20110101,DK Individual Savings Account ,BTN,100100036527,dawangba,1000003454,dawangba,72943530,Individual,credit.C,interest,notAllowed,,New,,04/01/2022,,04/01/2022,0.00,,,,71161563207,
8888-DK,1001-DK Individual Savings Account,20110101,DK Individual Savings Account ,BTN,100100036733,liu,1000003473,liu,63753373,Individual,credit.C,interest,notAllowed,,Active,,07/01/2022,,07/01/2022,"9,202.46",,,,11277654846,
8888-DK,1001-DK Individual Savings Account,20110101,DK Individual Savings Account ,BTN,100100036750,liu,1000003477,liu,63126376,Individual,credit.C,interest,notAllowed,,Active,,07/01/2022,,07/01/2022,"5,653.52",,,,12571186705,
8888-DK,1001-DK Individual Savings Account,20110101,DK Individual Savings Account ,BTN,100100038191,Gaki wangmo3,1000003618,Gaki wangmo3,17298902,Individual,credit.C,interest,notAllowed,,Active,,09/01/2022,,09/01/2022,"99,993.66",,,,10700000060,
8888-DK,1001-DK Individual Savings Account,20110101,DK Individual Savings Account ,BTN,100100038159,Genpo Drup2,1000003614,Genpo Drup2,77200771,Individual,credit.C,interest,notAllowed,,New,,09/01/2022,,09/01/2022,0.00,,,,11780058477,
8888-DK,1001-DK Individual Savings Account,20110101,DK Individual Savings Account ,BTN,100100038207,Dan Gurung1,1000003619,Dan Gurung1,17674638,Individual,credit.C,interest,notAllowed,,New,,09/01/2022,,09/01/2022,0.00,,,,11980058463,
8888-DK,1001-DK Individual Savings Account,20110101,DK Individual Savings Account ,BTN,100100036768,Gaki wangmo2,1000003478,Gaki wangmo2,77737688,Individual,credit.C,interest,notAllowed,,Active,,08/01/2022,,08/01/2022,"48,355.46",,,,10600000050,
8888-DK,1001-DK Individual Savings Account,20110101,DK Individual Savings Account ,BTN,100100038167,Genpo Drup3,1000003615,Genpo Drup3,77843292,Individual,credit.C,interest,notAllowed,,New,,09/01/2022,,09/01/2022,0.00,,,,11880058471,
8888-DK,1001-DK Individual Savings Account,20110101,DK Individual Savings Account ,BTN,100100036543,liu,1000003455,liu,63917798,Individual,credit.C,interest,notAllowed,,Active,,04/01/2022,,04/01/2022,900.60,,,,283336935,
8888-DK,1001-DK Individual Savings Account,20110101,DK Individual Savings Account ,BTN,100100036840,Lhaka Dorji4,1000003486,Lhaka Dorji4,17856333,Individual,credit.C,interest,notAllowed,,Active,,08/01/2022,,08/01/2022,"51,699.25",,,,10100000100,
8888-DK,1001-DK Individual Savings Account,20110101,DK Individual Savings Account ,BTN,100100036808,Phub Zangmop3,1000003482,Phub Zangmop3,77569739,Individual,credit.C,interest,notAllowed,,Active,,08/01/2022,,08/01/2022,"200,000.00",,,,10400000120,
8888-DK,1001-DK Individual Savings Account,20110101,DK Individual Savings Account ,BTN,100100038215,Pem Zangmo3,1000003620,Pem Zangmo3,17439682,Individual,credit.C,interest,notAllowed,,New,,09/01/2022,,09/01/2022,0.00,,,,10300000020,
8888-DK,1001-DK Individual Savings Account,20110101,DK Individual Savings Account ,BTN,100100038175,Phub Zangmop4,1000003616,Phub Zangmop4,17563738,Individual,credit.C,interest,notAllowed,,New,,09/01/2022,,09/01/2022,0.00,,,,10500000130,
8888-DK,1001-DK Individual Savings Account,20110101,DK Individual Savings Account ,BTN,100100036551,liu,1000003456,liu,63752148,Individual,credit.C,interest,notAllowed,,Active,,04/01/2022,,04/01/2022,"1,000.65",,,,128081473,
8888-DK,1001-DK Individual Savings Account,20110101,DK Individual Savings Account ,BTN,100100036859,Dema Lhamo1,1000003487,Dema Lhamo1,17265732,Individual,credit.C,interest,notAllowed,,Active,,08/01/2022,,08/01/2022,"2,000.27",,,,11180058455,
8888-DK,1001-DK Individual Savings Account,20110101,DK Individual Savings Account ,BTN,100100036816,Lhaka Dorji1,1000003483,Lhaka Dorji1,77012675,Individual,credit.C,interest,notAllowed,,New,,08/01/2022,,08/01/2022,0.00,,,,10800000070,
8888-DK,1001-DK Individual Savings Account,20110101,DK Individual Savings Account ,BTN,100100036560,liu,1000003457,liu,63659145,Individual,credit.C,interest,notAllowed,,CLose,,04/01/2022,,04/01/2022,0.00,,,,826694360,
8888-DK,1001-DK Individual Savings Account,20110101,DK Individual Savings Account ,BTN,100100036867,Dan Gurung2,1000003488,Dan Gurung2,17559492,Individual,credit.C,interest,notAllowed,,Active,,08/01/2022,,08/01/2022,"99,993.37",,,,11100058456,
8888-DK,1001-DK Individual Savings Account,20110101,DK Individual Savings Account ,BTN,100100036824,Pem Zangmo4,1000003484,Pem Zangmo4,17156334,Individual,credit.C,interest,notAllowed,,New,,08/01/2022,,08/01/2022,0.00,,,,10400000030,
8888-DK,1001-DK Individual Savings Account,20110101,DK Individual Savings Account ,BTN,100100036460,liu,1000003446,liu,63853550,Individual,credit.C,interest,notAllowed,,Active,,03/01/2022,,03/01/2022,1.00,,,,381800596,
8888-DK,1001-DK Individual Savings Account,20110101,DK Individual Savings Account ,BTN,100100036669,liu,1000003466,liu,63341076,Individual,credit.C,interest,notAllowed,,CLose,,06/01/2022,,06/01/2022,0.00,,,,12148217797,
8888-DK,1001-DK Individual Savings Account,20110101,DK Individual Savings Account ,BTN,100100036600,liu,1000003459,liu,63879740,Individual,credit.C,interest,notAllowed,,Active,,04/01/2022,,04/01/2022,"1,000.65",,,,674786503,
8888-DK,1001-DK Individual Savings Account,20110101,DK Individual Savings Account ,BTN,100100036875,Dema Lhamo2,1000003489,Dema Lhamo2,17968463,Individual,credit.C,interest,notAllowed,,New,,08/01/2022,,08/01/2022,0.00,,,,11280058445,
8888-DK,1001-DK Individual Savings Account,20110101,DK Individual Savings Account ,BTN,100100036832,Pem Zangmo2,1000003485,Pem Zangmo2,17156399,Individual,credit.C,interest,notAllowed,,Active,,08/01/2022,,08/01/2022,2.00,,,,10200000010,
8888-DK,1001-DK Individual Savings Account,20110101,DK Individual Savings Account ,BTN,100100036479,liu,1000003447,liu,63455199,Individual,credit.C,interest,notAllowed,,Active,,03/01/2022,,03/01/2022,1.00,,,,250647717,
8888-DK,1001-DK Individual Savings Account,20110101,DK Individual Savings Account ,BTN,100100036685,yi,1000003467,yi,63507218,Individual,credit.C,interest,notAllowed,,Active,,06/01/2022,,06/01/2022,"50,020.06",,,,12107874759,
8888-DK,2001-DK Essential Services Account,20100101,DK Essential Services Account,BTN,200100036577,yiyi,2000003453,yiyi,17302947,Merchant,credit.C,noInterest,notAllowed,,New,,04/01/2022,,,0.00,,,,,1729842
8888-DK,2002-DK Business Account,20100102,DK Business Account,BTN,200200036798,DUMMY MERCHANT4,2000003481,Pem Dem2,17756398,Merchant,credit.C,noInterest,notAllowed,,Active,,08/01/2022,,,"179,076.00",,,,,R9991105
8888-DK,2002-DK Business Account,20100102,DK Business Account,BTN,200200038063,DUMMY MERCHANT5,2000003605,DUMMY MERCHANT5,77775311,Merchant,credit.C,noInterest,notAllowed,,Active,,09/01/2022,,,"101,780.00",,,,,R9990015
8888-DK,2002-DK Business Account,20100102,DK Business Account,BTN,200200038098,DUMMY MERCHANT98,2000003608,DUMMY MERCHANT98,17919999,Merchant,credit.C,noInterest,notAllowed,,New,,09/01/2022,,,0.00,,,,,R9990011
8888-DK,2002-DK Business Account,20100102,DK Business Account,BTN,200200038138,{clientName},2000003612,aaaao,17423011,Merchant,credit.C,noInterest,notAllowed,,New,,09/01/2022,,,0.00,,,,,720091
8888-DK,2002-DK Business Account,20100102,DK Business Account,BTN,200200036648,werwe,2000003463,werwe,25688958,Merchant,credit.C,noInterest,notAllowed,,Active,,06/01/2022,,,667.00,,,,,1252525
8888-DK,2002-DK Business Account,20100102,DK Business Account,BTN,200200038146,A Mart137,2000003613,A Mart137,17302118,Merchant,credit.C,noInterest,notAllowed,,New,,09/01/2022,,,0.00,,,,,R1000137
8888-DK,2002-DK Business Account,20100102,DK Business Account,BTN,200200036530,yiyi,2000003452,yiyi,77312932,Merchant,credit.C,noInterest,notAllowed,,Active,,04/01/2022,,,"4,000.00",,,,,1732942
8888-DK,2002-DK Business Account,20100102,DK Business Account,BTN,200200036771,DUMMY MERCHANT,2000003479,DUMMY MERCHANT,77446317,Merchant,credit.C,noInterest,notAllowed,,Active,,08/01/2022,,,"100,099.00",,,,,R9997702
8888-DK,2002-DK Business Account,20100102,DK Business Account,BTN,200200036780,DUMMY MERCHANT12,2000003480,Pem Dem1,77555555,Merchant,credit.C,noInterest,notAllowed,,Active,,08/01/2022,,,"99,441.00",,,,,R9990004
8888-DK,3001-DK Corporate PayRoll Account,20100301,DK Corporate Pay Roll Saving Account,BTN,300100036675,hhha,2000003465,hhha,12052638,Merchant,credit.C,noInterest,notAllowed,,New,,06/01/2022,,,0.00,,,,,5289654
8888-DK,3001-DK Corporate PayRoll Account,20100301,DK Corporate Pay Roll Saving Account,BTN,300100036584,jiu,2000003458,jiu,56986524,Merchant,credit.C,noInterest,notAllowed,,Active,,04/01/2022,,,500.00,,,,,5696355
,,,,,,,,,,,,,,,,,,,Total:,"14,114,510.17",,,,,
